{"_timestamp":1.7570408106839712e+09,"_wandb":{"runtime":60},"epoch":0,"step":14,"lr":5e-05,"_runtime":60.595974922,"train/arm_action_error_loss":0.41892892122268677,"train/action_gripper_loss":0.6527945399284363,"train/action_arm_loss":0.0804012268781662,"FPS":262.8314208984375,"train/latent_motion_loss":2.6796512603759766,"train/gripper_action_error_loss":0.9972519278526306,"_step":14,"loading_ratio":0.0031849618535488844}