{"_wandb":{"runtime":92},"_timestamp":1.757041154456598e+09,"train/latent_motion_loss":2.4266738891601562,"loading_ratio":0.00010870449477806687,"train/gripper_action_error_loss":1.5618046522140503,"lr":9.926860694119398e-05,"train/arm_action_error_loss":0.2849061191082001,"epoch":1,"FPS":221.587158203125,"train/action_gripper_loss":0.614396333694458,"step":57,"_runtime":92.456150241,"_step":57,"train/action_arm_loss":0.039041370153427124}