{"train/action_arm_loss":0.04205670580267906,"train/gripper_action_error_loss":7.428382396697998,"step":184,"_timestamp":1.7570418166171982e+09,"train/action_gripper_loss":-4.024682998657227,"_runtime":310.249500988,"train/latent_motion_loss":2.2228431701660156,"epoch":6,"loading_ratio":0.0036517183762043715,"_wandb":{"runtime":310},"_step":6,"FPS":262.3126220703125,"lr":8.024249746438188e-05,"train/arm_action_error_loss":0.3053181767463684}