{"train/action_gripper_loss":0.5221100449562073,"_timestamp":1.757038655296785e+09,"_runtime":100.632161126,"_step":34,"train/latent_motion_loss":2.6662912368774414,"train/action_arm_loss":0.05592276155948639,"loading_ratio":0.003959960304200649,"lr":9.996861851032426e-05,"_wandb":{"runtime":100},"epoch":1,"step":34,"train/arm_action_error_loss":0.34232187271118164,"train/gripper_action_error_loss":1.1527680158615112,"FPS":262.6038513183594}