{"train/latent_motion_loss":2.6091537475585938,"_step":38,"train/gripper_action_error_loss":1.293454885482788,"train/action_arm_loss":0.049080174416303635,"train/action_gripper_loss":0.5576173067092896,"_wandb":{"runtime":103},"_timestamp":1.7570372606222525e+09,"lr":9.991284540683922e-05,"step":38,"loading_ratio":0.00373642286285758,"train/arm_action_error_loss":0.3165659010410309,"_runtime":103.238271568,"FPS":261.95465087890625,"epoch":1}