{"_step":134,"_runtime":221.690173924,"train/action_gripper_loss":-1.201703429222107,"train/gripper_action_error_loss":2.8669185638427734,"step":134,"FPS":262.51220703125,"_timestamp":1.7570414603661046e+09,"train/action_arm_loss":0.035147108137607574,"epoch":4,"train/arm_action_error_loss":0.2694908380508423,"lr":9.052015717574682e-05,"loading_ratio":0.003115128492936492,"train/latent_motion_loss":2.2067155838012695,"_wandb":{"runtime":221}}