{"epoch":19,"_wandb":{"runtime":953},"loading_ratio":9.30635433178395e-05,"step":579,"FPS":226.02210998535156,"train/action_gripper_loss":-52.420101165771484,"_runtime":953.019437932,"_step":19,"train/action_arm_loss":0.03485759720206261,"_timestamp":1.7570429001678648e+09,"lr":3.1438950533787536e-07,"train/arm_action_error_loss":0.27207323908805847,"train/gripper_action_error_loss":98.38246154785156,"train/latent_motion_loss":2.0602893829345703}