{"train/latent_motion_loss":2.3106260299682617,"_timestamp":1.7570444176084788e+09,"train/action_arm_loss":0.04079405218362808,"_step":19,"train/arm_action_error_loss":0.29437875747680664,"FPS":263.4879150390625,"train/gripper_action_error_loss":237.4122314453125,"lr":7.592417833418574e-08,"train/action_gripper_loss":-138.2509307861328,"epoch":19,"loading_ratio":0.00014478250523097813,"_runtime":1400.804664991,"_wandb":{"runtime":1400},"step":1159}